Categoria,,,Mentoria de Desenvolvimento Pessoal e Profissional
Duração,,,6 meses
Horas de Capacitação de Mentores,,,3 horas
Etapas,Encontro Inicial,,"1,5 horas"
,Encontro Final,,"1,5 horas"
Nº de Encontros,,,16 encontros
Horas de Aplicação,,,16h
Público-alvo (Mentorado),,,"Jovens a partir de 18 anos, em situação de vulnerabilidade social, que buscam desenvolvimento pessoal e profissional."
Perfil do Mentor,,,"Profissional voluntário com maturidade emocional, escuta ativa, ética, e interesse genuíno no desenvolvimento do outro."
Principais Ferramentas,,,Plano de Desenvolvimento do Mentorado (PDM); Roda da Vida; Feedback construtivo; Perguntas eficazes.
Principais Funções do Mentor,,,"9 funções: orientação, proteção, exposição, patrocínio, aceitação, escuta, confirmação, abertura, papel de modelo"
Produto Final,,,Relatório final com o PDM completo e aplicação da Roda da Vida.
Avaliação,,,"Avaliação do processo por parte do mentor, mentorado e coordenação."